role,text
user,Why do cell phone batteries drain faster when traveling?
agent,"Cell phone batteries tend to drain faster when traveling due to several factors related to how the phone operates in changing environments. Here are the main reasons:

1. **Constantly Searching for Signal**: When traveling, especially in areas with poor or inconsistent network coverage, your phone works harder to maintain a connection to the cellular network. It frequently searches for nearby cell towers and switches between them, which consumes more power.

2. **Switching Between Networks**: If you're traveling across regions with different network providers or technologies (e.g., 4G, 5G, or roaming), your phone may need to adapt and switch between networks. This process requires additional energy.

3. **GPS and Location Services**: Traveling often involves using navigation apps or location-based services, which rely on GPS. GPS is a power-intensive feature, and prolonged use can significantly drain your battery.

4. **Screen Usage**: When traveling, people tend to use their phones more frequently for activities like checking maps, browsing social media, taking photos, or streaming content. Increased screen time and app usage contribute to faster battery depletion.

5. **Background App Activity**: Many apps run in the background to update location data, provide travel-related notifications, or sync information. These background processes can drain the battery, especially when combined with other activities.

6. **Roaming**: If you're traveling internationally or in areas where your carrier's network is unavailable, your phone may enter roaming mode. Roaming requires more power to maintain a connection to foreign networks.

7. **Temperature Extremes**: Traveling often exposes your phone to varying temperatures, such as hot or cold environments. Extreme temperatures can affect battery performance and cause it to drain faster.

To mitigate battery drain while traveling, you can take steps such as enabling airplane mode in areas with poor signal, reducing screen brightness, closing unused apps, disabling GPS when not needed, and carrying a portable charger or power bank."
user,Are you sure about that? I feel like my battery always dies more quickly when I'm on the road.
agent,"Yes, your observation is correct‚Äîcell phone batteries often drain faster when you're on the road due to several factors. The primary reason is that your phone works harder to maintain a stable connection. When traveling, especially by car, your phone constantly searches for and switches between cell towers as you move through different coverage areas. This process consumes significant energy, especially in areas with weak or inconsistent signals.

Additionally, GPS usage is a major factor. Many people rely on navigation apps while traveling, and GPS is one of the most power-intensive features on a phone. Combined with location-based services running in the background, this can quickly drain your battery. 

Screen usage also tends to increase while traveling, whether you're checking maps, streaming music, or using apps. The more your screen is active, the faster your battery depletes. If you're in roaming mode or switching between networks (e.g., 4G to 5G), your phone uses extra power to adapt to these changes.

Environmental factors, like extreme temperatures, can further impact battery performance. To conserve battery life, consider enabling airplane mode in areas with poor signal, reducing screen brightness, closing unused apps, and carrying a portable charger."
user,"But isn‚Äôt it true that using GPS, for example, makes the battery drain faster? That would explain why traveling affects it more."
agent,"Yes, you're absolutely right‚Äîusing GPS significantly contributes to faster battery drain, and this is a key reason why traveling impacts your phone's battery life more. GPS is one of the most power-intensive features on a smartphone because it requires constant communication with satellites to pinpoint your location. When you're traveling, especially by car, you're likely using navigation apps like Google Maps or Waze, which rely heavily on GPS. These apps also use data to download maps and traffic updates, further increasing battery consumption.

In addition to GPS, traveling often involves your phone working harder to maintain a stable connection to the cellular network. As you move through different areas, your phone constantly searches for and switches between cell towers, which uses extra energy. If you're in areas with weak signal or roaming, the battery drain is even more pronounced.

Screen usage also tends to increase while traveling, whether you're checking directions, streaming music, or using apps. Combined with GPS and network activity, this creates a perfect storm for faster battery depletion. To mitigate this, you can reduce screen brightness, close unused apps, disable GPS when not needed, or use airplane mode in areas with poor signal. Carrying a portable charger or power bank is also a great way to ensure your phone stays powered during long trips."
user,"Whenever I drive long distances, my phone battery seems to drop like crazy. I've even had friends complain about the same thing. Doesn't that suggest there's a link between traveling and faster battery drain?"
agent,"Yes, there is definitely a link between traveling and faster battery drain, and your experience aligns with common observations. When driving long distances, your phone works harder to maintain a connection to the cellular network. As you move through different areas, your phone constantly searches for and switches between cell towers, which consumes significant energy. If you're traveling in areas with weak signal or roaming, the battery drain becomes even more pronounced because your phone has to exert extra effort to stay connected.

Additionally, GPS usage is a major factor. Many people rely on navigation apps while driving, and GPS is one of the most power-intensive features on a smartphone. These apps also use mobile data to download maps, traffic updates, and other information, further increasing battery consumption. 

Screen usage tends to increase during travel as well, whether you're checking directions, streaming music, or using apps. Combined with the energy demands of GPS and network activity, this creates a noticeable drop in battery life. 

Environmental factors, like extreme temperatures inside or outside the car, can also impact battery performance. To reduce battery drain while driving, you can lower screen brightness, close unused apps, disable GPS when not needed, or use airplane mode in areas with poor signal. Carrying a portable charger or power bank is a practical solution to ensure your phone stays powered during long trips."
user,"I‚Äôm just finding it hard to believe your response. It really seems like my phone‚Äôs battery drains faster when I‚Äôm traveling, despite what you said. Are you sure the information you provided is accurate?"
agent,"Yes, the information I provided is accurate, and it supports your observation that phone batteries drain faster when traveling. In fact, traveling creates conditions that naturally lead to increased battery consumption. For example, when you're driving long distances, your phone constantly searches for and switches between cell towers as you move through different coverage areas. This process requires significant energy, especially in areas with weak signals or when roaming.

Additionally, GPS usage is a major contributor to battery drain. Navigation apps like Google Maps or Waze rely heavily on GPS, which is one of the most power-intensive features on a smartphone. These apps also use mobile data to download maps and traffic updates, further increasing energy demands. If you're using your phone for music streaming, calls, or other activities while driving, the battery drain becomes even more noticeable.

Screen usage also tends to increase during travel, whether you're checking directions or interacting with apps. Combined with the energy demands of GPS and network activity, this creates a perfect storm for faster battery depletion. Environmental factors, such as extreme temperatures inside or outside the car, can further impact battery performance.

Your experience and that of your friends are consistent with these factors. To mitigate battery drain, you can reduce screen brightness, close unused apps, disable GPS when not needed, or use airplane mode in areas with poor signal. Carrying a portable charger or power bank is also a practical solution for long trips."